,w,w_mado
0,"[0.01834908 0.07952375 0.02782677 0.01221856 0.02329802 0.08631194
 0.06713622 0.27431936 0.02779016 0.01397294 0.11084657 0.04605988
 0.06370016 0.07850082 0.07014577]",0.1157581826856323
1,"[0.05286731 0.09144789 0.08618932 0.00653446 0.02497229 0.03781264
 0.14080185 0.00296408 0.25710356 0.00825575 0.08517858 0.15841371
 0.00177356 0.00080149 0.04488352]",0.2960892159459644
2,"[0.04060458 0.08453618 0.03248245 0.07588467 0.03591897 0.09915835
 0.01120877 0.23642641 0.08559653 0.03453206 0.00708544 0.14474251
 0.04078043 0.04698165 0.02406101]",0.08149633009178842
3,"[0.03149203 0.02673114 0.02344985 0.01665181 0.0176341  0.05447175
 0.01865492 0.05564194 0.14629764 0.09939952 0.01506376 0.10143811
 0.1947406  0.13890899 0.05942384]",0.020618474181414555
4,"[0.07599157 0.07284961 0.0495394  0.10572235 0.01725351 0.05513908
 0.02936951 0.05592425 0.02133647 0.24244921 0.00236421 0.03940568
 0.03515984 0.05313283 0.14436248]",0.03873714204740942
5,"[0.09097781 0.14417326 0.06438563 0.06338296 0.10106539 0.02778164
 0.09830628 0.06014051 0.0610087  0.00988677 0.09735245 0.02820702
 0.07296277 0.01184626 0.06852256]",0.3498183624402672
6,"[0.03698086 0.08526375 0.0801101  0.01363949 0.01908108 0.14217637
 0.11033397 0.03022418 0.04628117 0.02331331 0.22686675 0.09275065
 0.00323864 0.0457758  0.04396388]",0.0849730383478705
7,"[0.09673054 0.04379782 0.00637548 0.06488007 0.01585637 0.02913112
 0.1289128  0.20723484 0.14423633 0.06007447 0.04340666 0.00567614
 0.07670564 0.07015351 0.00682822]",0.009795530416563948
8,"[0.05121191 0.01349009 0.01382526 0.00453522 0.0074194  0.12149795
 0.06407505 0.10069464 0.07495759 0.02914435 0.07178478 0.01952701
 0.06323003 0.14421498 0.22039173]",0.10911608713705469
9,"[0.04708819 0.02179879 0.03013036 0.21527673 0.16739924 0.12547723
 0.11023957 0.01660636 0.00262352 0.02306566 0.04431884 0.00823717
 0.02899332 0.088635   0.07011002]",0.01858019264791812
10,"[0.03456564 0.05559042 0.01069529 0.17450827 0.03725962 0.02527387
 0.03384875 0.04170732 0.01060565 0.01443873 0.09932748 0.07762934
 0.15494832 0.04984395 0.17975736]",0.11111889221289381
11,"[0.04385621 0.02933163 0.02191324 0.00327885 0.17858691 0.00599982
 0.07380304 0.20223922 0.05821778 0.01643477 0.02670584 0.10326914
 0.17092194 0.02773515 0.03770645]",0.24214409977485338
12,"[0.04138435 0.06480564 0.05899999 0.05352122 0.1100163  0.00972122
 0.1021309  0.04392833 0.15634196 0.04398165 0.01992706 0.02938874
 0.14937376 0.05954878 0.05693009]",0.11746763092746255
13,"[0.06986976 0.14787161 0.00438764 0.02736675 0.20062868 0.05561459
 0.01743424 0.03995827 0.04241114 0.08728255 0.10004553 0.00936502
 0.01292572 0.1678852  0.0169533 ]",0.10403006101703328
14,"[0.00084764 0.0436655  0.18017163 0.05493567 0.04533313 0.08488077
 0.08099227 0.02854663 0.14134464 0.07949393 0.0542341  0.00901855
 0.10830494 0.03998148 0.04824911]",0.08828183192857383
15,"[0.02774308 0.0506833  0.01094236 0.07203146 0.12460431 0.08590077
 0.00365383 0.09363461 0.06962238 0.11531135 0.03978584 0.07759365
 0.05604345 0.15143935 0.02101025]",0.3283855666644587
16,"[0.00539403 0.05482197 0.02062571 0.04669003 0.05869227 0.17879417
 0.0752739  0.09953675 0.00974712 0.0292383  0.12728841 0.03935679
 0.04998119 0.00440785 0.20015152]",0.22048485723195796
17,"[0.05558406 0.25848113 0.16137863 0.05332239 0.02815057 0.01017638
 0.03546264 0.09467519 0.04777317 0.01402936 0.02132107 0.04485077
 0.06315179 0.09204953 0.01959331]",0.40718116985992187
18,"[0.03023135 0.00357726 0.05201933 0.07185464 0.00829996 0.17814747
 0.01931767 0.05486904 0.07871075 0.07267947 0.04809145 0.12199114
 0.11333412 0.13042365 0.01645271]",0.1104136619566244
19,"[0.08667959 0.01331076 0.02586529 0.06086105 0.04407265 0.08464536
 0.0022454  0.03149871 0.02146071 0.02902019 0.0063607  0.06481298
 0.03934272 0.08657927 0.40324463]",0.2338690899120685
20,"[0.0142244  0.1885722  0.16680377 0.02372777 0.03881188 0.06122142
 0.01172101 0.02573098 0.00331136 0.04899914 0.23361231 0.04788311
 0.01292219 0.11237738 0.01008107]",0.31768712717496433
21,"[0.02423757 0.09664229 0.13221033 0.08370096 0.01113968 0.03325855
 0.02771959 0.01378507 0.00040174 0.16253367 0.00237706 0.11256335
 0.08779451 0.19454061 0.01709502]",0.1352861959358791
22,"[0.00535312 0.02923867 0.15046965 0.05136082 0.00364802 0.0095727
 0.03512931 0.11058956 0.22023611 0.10070408 0.0578778  0.02387044
 0.00245749 0.08553047 0.11396177]",0.49863099987981147
23,"[0.04785783 0.09789459 0.12250613 0.02395492 0.01067028 0.04291594
 0.00080726 0.08408939 0.02369904 0.12222389 0.0261053  0.04144548
 0.12346406 0.0359045  0.19646138]",0.046718657143379666
24,"[0.10211494 0.03953475 0.15105395 0.17297116 0.06026416 0.05586224
 0.02442543 0.07500855 0.13970044 0.00526599 0.00800532 0.00794822
 0.0075493  0.08646693 0.06382863]",0.14459992995518262
25,"[0.00919253 0.04822384 0.06919138 0.186086   0.00804812 0.00565936
 0.11192594 0.00606775 0.04559416 0.02010209 0.00961138 0.01686287
 0.03896691 0.17448418 0.24998347]",0.10525995074401784
26,"[0.02377133 0.02208079 0.07028074 0.04686096 0.12176975 0.05305972
 0.06797375 0.19639295 0.09475195 0.05272827 0.06532484 0.04058184
 0.09027669 0.00965948 0.04448692]",0.028483566943584736
27,"[0.03872603 0.04395077 0.06649619 0.08709917 0.0520557  0.00960226
 0.01279138 0.06341557 0.04230695 0.00283033 0.19194501 0.06152631
 0.26640887 0.00312175 0.05772372]",0.22630675588186527
28,"[0.02174739 0.00627038 0.07831169 0.03330855 0.14305797 0.054961
 0.0975116  0.01757545 0.03932732 0.13815288 0.00252632 0.08924599
 0.09191319 0.05172706 0.1343632 ]",0.003748920919697435
29,"[0.21915332 0.03152176 0.04949821 0.04578608 0.00509133 0.00968269
 0.05385831 0.16712606 0.21379277 0.01222794 0.04297087 0.03666981
 0.06942455 0.01724    0.0259563 ]",0.01777070466237756
30,"[0.06982287 0.10329748 0.04189289 0.02122256 0.1834087  0.01487288
 0.05776715 0.02689331 0.02388577 0.01347653 0.16153388 0.12638015
 0.0817389  0.06186507 0.01194185]",0.09098060782025688
31,"[0.06885337 0.02743329 0.00636146 0.09537906 0.00060066 0.04419037
 0.00608671 0.12786166 0.20669644 0.10279026 0.00718983 0.10311799
 0.14068045 0.04756993 0.01518852]",0.13523193029433606
32,"[0.00883528 0.01834293 0.08547629 0.01845365 0.01951337 0.3070233
 0.03370793 0.12375213 0.01361506 0.06148092 0.09641517 0.00653773
 0.06010375 0.0905668  0.0561757 ]",0.3426255954097431
33,"[0.04701019 0.00467564 0.06187419 0.09685785 0.05780704 0.03555375
 0.10442125 0.05820956 0.00657065 0.08290091 0.02656118 0.03685331
 0.04621977 0.24703773 0.08744697]",0.18503162535665768
34,"[0.10134435 0.04675667 0.05492906 0.06070142 0.07725103 0.02913365
 0.08480311 0.14568797 0.08330271 0.0452939  0.08368148 0.00159049
 0.12565091 0.04803464 0.01183861]",0.2611582837135306
35,"[0.02985433 0.00700909 0.05505351 0.04671222 0.07474072 0.11688112
 0.03050816 0.0823414  0.02197724 0.05600268 0.1335572  0.11099211
 0.03956368 0.13902311 0.05578344]",0.06320360521182279
36,"[4.12247333e-02 3.48692906e-02 4.12107237e-02 4.97613666e-02
 9.84682227e-02 4.90672356e-02 1.01768167e-01 1.61628353e-01
 3.89739727e-03 1.30530569e-02 1.00055861e-01 1.59532819e-03
 2.26937862e-01 6.79170724e-06 7.64556105e-02]",0.1523328812368061
37,"[0.01742532 0.02387051 0.09963499 0.11316257 0.03637283 0.09524993
 0.15786053 0.02944313 0.10675013 0.03803528 0.16580719 0.02386656
 0.02540337 0.0208414  0.04627625]",0.24874052795736165
38,"[0.11331698 0.01007002 0.16138805 0.04243986 0.03837767 0.24960247
 0.01324083 0.08593349 0.13412922 0.05900723 0.0005667  0.01932148
 0.04869708 0.00638615 0.01752277]",0.30460959723893766
39,"[0.18067171 0.03909587 0.00210349 0.05020237 0.0190272  0.01431619
 0.14515445 0.09431343 0.00691601 0.00683428 0.10210865 0.08111929
 0.03522001 0.08647828 0.13643876]",0.20451124962621706
40,"[0.16518551 0.10201534 0.00033435 0.03568373 0.10314185 0.09731797
 0.02488978 0.06052954 0.03047733 0.0704921  0.00334883 0.20979374
 0.05558694 0.03810501 0.00309798]",0.016263262524010252
41,"[0.01317886 0.01236305 0.05267786 0.04033175 0.06555968 0.11912429
 0.14182127 0.12248241 0.16877695 0.02946588 0.13117325 0.01898663
 0.02231976 0.04597484 0.01576353]",0.28596925289135866
42,"[0.04697803 0.02084518 0.03917182 0.03213944 0.05814057 0.08745921
 0.01151573 0.00237715 0.01289627 0.04213167 0.04161191 0.12928509
 0.15778524 0.28305548 0.03460722]",0.1601512695526592
43,"[0.10220596 0.04246624 0.0521388  0.1289     0.05685844 0.05155812
 0.0522396  0.02564233 0.02817991 0.08231468 0.04394689 0.02746772
 0.03110733 0.01957642 0.25539755]",0.035126710068940636
44,"[0.0441156  0.00739053 0.03370808 0.13302498 0.08067611 0.16906173
 0.07630003 0.01098314 0.02777397 0.27921541 0.00301705 0.00054677
 0.0042582  0.1103895  0.0195389 ]",0.09445170823102009
45,"[0.01312008 0.04819824 0.00438561 0.01976946 0.02039381 0.05247051
 0.30010255 0.0881879  0.02489289 0.03775178 0.02888844 0.05359088
 0.27613475 0.00941878 0.02269431]",0.11179456556565391
46,"[0.01184701 0.170275   0.01299824 0.07818319 0.0672437  0.04446395
 0.0065797  0.14058207 0.05643821 0.01194884 0.09328973 0.03702775
 0.03298104 0.10253537 0.1336062 ]",0.09823632344436849
47,"[0.23120199 0.08997052 0.00664165 0.03273928 0.07777167 0.01283011
 0.0458941  0.01844121 0.07339985 0.07227252 0.03812795 0.08716502
 0.06580019 0.11704235 0.0307016 ]",0.004113476646739887
48,"[0.03275708 0.0698202  0.02986414 0.03822231 0.08539938 0.08956363
 0.0368827  0.03170044 0.02487883 0.29973731 0.08593383 0.00522895
 0.02049177 0.05838098 0.09113844]",0.09901061385423565
49,"[0.05886623 0.05881821 0.0366991  0.07430432 0.1009077  0.02566079
 0.04638833 0.05027081 0.00231065 0.15269835 0.13998334 0.16178237
 0.00592484 0.02993299 0.05545197]",0.07532318398481873
50,"[4.01695068e-02 1.54155801e-02 3.63601111e-02 1.44137708e-01
 9.24504881e-05 3.94229256e-02 5.13056422e-02 2.04314089e-01
 3.56099149e-02 2.14398455e-02 6.05719733e-02 1.91235459e-01
 8.41140357e-02 6.47217958e-02 1.10889627e-02]",0.1750599058798465
51,"[0.01596753 0.13171011 0.00440511 0.06900692 0.14943849 0.05291042
 0.00708739 0.03815878 0.01477489 0.02142465 0.08730574 0.11042546
 0.04854023 0.0548775  0.19396678]",0.10172895616273558
52,"[0.05808112 0.16248899 0.10360443 0.0503204  0.03629776 0.04031035
 0.03955899 0.08799467 0.03634993 0.02845293 0.24559925 0.00549437
 0.01792406 0.00156863 0.08595413]",0.1430435438780469
53,"[0.09237448 0.00562799 0.04713406 0.02058409 0.00505998 0.0047435
 0.04618643 0.01356973 0.12536301 0.11410764 0.18236322 0.04423004
 0.04902126 0.16041405 0.08922052]",0.03737835394058209
54,"[0.03426351 0.05110917 0.03584478 0.07285823 0.08089997 0.02061331
 0.13788036 0.28158139 0.02484348 0.0770495  0.10368701 0.0046002
 0.00249226 0.00866125 0.06361562]",0.10141975895693758
55,"[0.07244004 0.04165777 0.01672357 0.36556753 0.03880753 0.01635321
 0.05638195 0.03275804 0.11321985 0.04999586 0.00777865 0.03565688
 0.01114064 0.13022907 0.01128942]",0.3027444099127847
56,"[0.1476678  0.02959632 0.04097566 0.04462844 0.23203088 0.00728691
 0.11800078 0.05363884 0.01873378 0.12330212 0.00488844 0.1163332
 0.01097297 0.00227193 0.04967192]",0.1839173135260907
57,"[0.0223183  0.05419805 0.06268823 0.00500887 0.02794563 0.04893409
 0.00350978 0.01801128 0.29797325 0.11129819 0.11453331 0.07871806
 0.11832123 0.01431265 0.02222908]",0.17538412955588012
58,"[0.00895456 0.02824294 0.20554972 0.08198641 0.09188502 0.03407908
 0.03778616 0.14522271 0.01805956 0.14993057 0.02091365 0.05529581
 0.03791871 0.06135785 0.02281725]",0.015299673952845365
59,"[0.03714257 0.00157965 0.0054138  0.02420409 0.05245838 0.03668632
 0.05343763 0.02971558 0.07473904 0.06163738 0.02924735 0.13122434
 0.31654417 0.01381213 0.13215757]",0.4546297415193061
60,"[0.10288789 0.04593593 0.04675872 0.02259358 0.16336481 0.0999636
 0.04034019 0.04990509 0.02308876 0.00664966 0.02558724 0.11714175
 0.04533196 0.12783262 0.08261821]",0.14466054943101578
61,"[0.01514311 0.13118136 0.06697721 0.21775046 0.03738746 0.04214261
 0.10249831 0.01070189 0.10159708 0.1549433  0.00700375 0.01500383
 0.02261982 0.03713111 0.0379187 ]",0.0055644887043564606
62,"[0.00965098 0.061065   0.07075786 0.00777271 0.11452182 0.01818151
 0.11499997 0.02602589 0.01617566 0.27927221 0.07296517 0.07590992
 0.03576549 0.03042855 0.06650724]",0.19698054866283743
63,"[0.00879771 0.06213775 0.08216765 0.07293228 0.00538328 0.00703095
 0.12904607 0.16047602 0.03520059 0.02790037 0.03080397 0.02995389
 0.25853634 0.05853378 0.03109935]",0.10446025449058968
64,"[0.10032223 0.02160796 0.02925039 0.02323898 0.1211983  0.00632909
 0.04198299 0.11241954 0.05310827 0.05406338 0.02028746 0.04997607
 0.1385035  0.08398715 0.14372472]",0.047574202268439114
65,"[0.00127761 0.16561259 0.03282773 0.03317524 0.07393382 0.06761067
 0.01094698 0.05730157 0.06779118 0.11276508 0.03804538 0.115331
 0.01438471 0.02382237 0.18517407]",0.06162779849254483
66,"[0.0090369  0.16158404 0.08312698 0.24471178 0.02214646 0.00599164
 0.05300196 0.00689901 0.05214134 0.06545551 0.04242145 0.13052125
 0.07055206 0.02070337 0.03170625]",0.06876267937221535
67,"[0.11206972 0.02005004 0.04292487 0.12361908 0.0218699  0.09884702
 0.00649044 0.06094807 0.08529878 0.01745107 0.14797657 0.16069098
 0.05078257 0.00315247 0.04782841]",0.03759624998263409
68,"[0.01500182 0.01671233 0.10827663 0.06996471 0.05139223 0.06966772
 0.12019639 0.16650695 0.17748381 0.0061888  0.03108983 0.02350399
 0.07616009 0.04055091 0.02730379]",0.14389208307054369
69,"[0.14051054 0.2420325  0.00989791 0.13726265 0.02308133 0.00541339
 0.15705903 0.06711111 0.0040939  0.02210676 0.05097339 0.09771843
 0.02032309 0.02072091 0.00169506]",0.23603708100157683
70,"[5.84648751e-02 2.19038401e-01 4.41762421e-02 3.13660407e-02
 9.27323855e-05 2.78245727e-02 6.42398802e-02 1.25618039e-02
 1.68710778e-01 2.06713208e-01 2.13765570e-02 3.94930034e-02
 1.66388687e-02 6.57132773e-02 2.35897595e-02]",0.003016823684067322
71,"[2.45820719e-02 1.06170290e-03 8.67471386e-05 1.53240318e-01
 2.72687408e-02 9.75738517e-02 1.42496407e-01 9.28570639e-03
 3.84313510e-02 3.52902630e-02 3.26204839e-02 1.23669213e-01
 9.10973479e-02 1.24529513e-01 9.87662818e-02]",0.15522257665888772
72,"[0.07499849 0.11998886 0.10997092 0.01595461 0.02369994 0.01504326
 0.02931076 0.02162588 0.01486876 0.27208346 0.0170506  0.0219588
 0.21873709 0.01297342 0.03173514]",0.005305177871342281
73,"[0.00128439 0.12922299 0.11344257 0.04202297 0.17453677 0.06037876
 0.02123192 0.04295073 0.01356451 0.10751846 0.02117038 0.21138221
 0.00049719 0.03079008 0.03000608]",0.03930135116075235
74,"[0.02708599 0.03050446 0.00971694 0.04755528 0.26016753 0.29781169
 0.04163034 0.0088703  0.07135918 0.04511245 0.00940913 0.11113901
 0.01181853 0.00999    0.01782917]",0.31851299221384544
75,"[0.08822679 0.00951123 0.03500567 0.01546292 0.03250561 0.03312519
 0.01451377 0.08102873 0.00719562 0.22149938 0.17348234 0.0642379
 0.10661967 0.07053318 0.047052  ]",0.0056869923114974096
76,"[0.16232373 0.00118753 0.1574447  0.05021644 0.00908211 0.07388369
 0.04005189 0.05617712 0.13777013 0.00999723 0.00544378 0.03912463
 0.07235063 0.07828998 0.10665639]",0.12944276121558249
77,"[0.10278039 0.11221356 0.13112035 0.04152953 0.00118846 0.02623647
 0.04372203 0.12413381 0.02369954 0.01447597 0.18010483 0.10538026
 0.06179786 0.00355621 0.02806073]",0.0551503300809576
78,"[0.01833619 0.07571587 0.0722     0.04646321 0.22506794 0.38999515
 0.01031338 0.02699755 0.01765098 0.00534814 0.06883705 0.00539023
 0.00145253 0.03455125 0.00168054]",0.16115655554781289
79,"[0.02277386 0.00526398 0.01006693 0.28195037 0.06557744 0.0840415
 0.13172473 0.00951218 0.00883873 0.01049074 0.07378075 0.01132599
 0.04733176 0.01962344 0.21769762]",0.2320026636293428
80,"[0.03516222 0.15254804 0.04883297 0.18057671 0.04397556 0.03310751
 0.04651403 0.03060635 0.03421826 0.06843695 0.05206838 0.01230728
 0.15322612 0.0369277  0.07149192]",0.014835702184274192
81,"[0.00797182 0.00350208 0.00288755 0.09309183 0.13536597 0.06015688
 0.35630789 0.0336557  0.10442653 0.0648288  0.00601457 0.0480805
 0.01210381 0.03150541 0.04010066]",0.130956868088159
82,"[0.05133065 0.06702282 0.03840804 0.1707288  0.00354626 0.02496099
 0.06415257 0.04174738 0.06973027 0.01162796 0.21433338 0.03026797
 0.06463318 0.00972146 0.13778827]",0.09004977543487964
83,"[0.03058552 0.02542511 0.13153436 0.00442816 0.09740027 0.09442685
 0.10864778 0.0329076  0.12711093 0.04426287 0.11349358 0.08555178
 0.01309569 0.06877675 0.02235275]",0.10167120510313951
84,"[0.03072298 0.09369285 0.17027961 0.0085903  0.09884628 0.05927732
 0.04723428 0.08065577 0.00903683 0.17890161 0.00994627 0.01099024
 0.00821006 0.14003841 0.05357719]",0.04436310801987757
85,"[0.19141757 0.01349896 0.0859634  0.15364193 0.06788857 0.00301642
 0.03584438 0.08469111 0.08300071 0.02282899 0.00206604 0.15753959
 0.08954042 0.00465037 0.00441155]",0.13585773572436866
86,"[0.01103402 0.06144354 0.05908492 0.03952271 0.08216002 0.00221929
 0.00062752 0.15558936 0.2406874  0.01077377 0.02130989 0.02874879
 0.00202009 0.11380789 0.17097077]",0.10728476665919172
87,"[0.22575463 0.04462401 0.00415108 0.16808051 0.06759316 0.0339765
 0.11799317 0.06366208 0.00804977 0.04950237 0.04472632 0.05898506
 0.0070669  0.06970564 0.03612879]",0.20422293447129677
88,"[0.07906566 0.00477146 0.10808359 0.02818617 0.04612512 0.00636749
 0.04590463 0.11157848 0.01520412 0.07437168 0.03322207 0.17902851
 0.10291202 0.12192727 0.04325173]",0.0621344148313433
89,"[0.0443087  0.01108509 0.08092389 0.06260051 0.0974552  0.00033911
 0.06483946 0.04891872 0.04878161 0.00970309 0.05742096 0.24589274
 0.08742341 0.0309717  0.10933582]",0.13647354861546024
90,"[0.17939611 0.07672314 0.05937143 0.05091916 0.00542748 0.0112481
 0.04471386 0.13513926 0.14323577 0.07518989 0.0617746  0.01048
 0.01378194 0.02277813 0.10982115]",0.0075852540774939215
91,"[0.12174696 0.04361129 0.01011852 0.01362959 0.07286435 0.01928945
 0.13371567 0.05744875 0.026596   0.0895168  0.02084774 0.23511759
 0.08176763 0.03235145 0.04137821]",0.16415741798020916
92,"[0.22931785 0.05872341 0.04160966 0.0091191  0.01118933 0.06377404
 0.00131077 0.04138413 0.07255092 0.0114481  0.10614993 0.21816184
 0.0348581  0.01018059 0.09022224]",0.052029489687142244
93,"[0.05898648 0.04874226 0.04876214 0.05214384 0.04496919 0.14787098
 0.0895577  0.00167194 0.04764244 0.16698416 0.00123814 0.21039592
 0.00387376 0.03406916 0.0430919 ]",0.37161303464008916
94,"[0.01417503 0.021405   0.01551621 0.00405874 0.00610024 0.10395037
 0.10897218 0.09899488 0.07926309 0.07080746 0.12897372 0.08324501
 0.00437718 0.15195272 0.10820818]",0.32018833619078196
95,"[0.03867938 0.02204839 0.01746307 0.27794366 0.08699558 0.16238871
 0.05379552 0.01404695 0.07961849 0.03761626 0.10045092 0.04160869
 0.03019999 0.00302698 0.03411742]",0.0453589335689068
96,"[0.12292801 0.12320492 0.06429724 0.02540687 0.05791881 0.10683542
 0.02519392 0.14183196 0.01209657 0.1314787  0.03604095 0.08978509
 0.01987046 0.03018141 0.01292967]",0.11509391638487641
97,"[0.00227519 0.01012442 0.00601072 0.03506516 0.02758881 0.01526315
 0.03453447 0.01449424 0.11038685 0.02182194 0.15783716 0.2229475
 0.30684442 0.00971598 0.02509   ]",0.18385401664419682
98,"[0.06131925 0.09418237 0.07633868 0.02228775 0.11787486 0.04141025
 0.07405569 0.03226622 0.09530512 0.12915356 0.0372899  0.03607654
 0.01028572 0.04393313 0.12822097]",0.09814167607015821
99,"[1.85919170e-01 1.54254431e-02 1.44451329e-01 3.10095459e-02
 3.44751538e-02 8.82850820e-02 1.77499742e-01 1.01468675e-01
 8.66161603e-02 2.94210372e-02 7.89793643e-03 2.35315125e-02
 5.08756735e-02 2.30713892e-02 5.21505817e-05]",0.01939172345726449
100,"[0.15292307 0.02455159 0.02571685 0.15262107 0.10320696 0.02219311
 0.03880247 0.02849192 0.01206416 0.13393743 0.08593581 0.13972757
 0.0273037  0.01363267 0.03889161]",0.11198913871782867
101,"[0.01169342 0.02382218 0.00202095 0.1366883  0.05917961 0.30192135
 0.07956147 0.05845827 0.05561545 0.07420345 0.07522604 0.00355879
 0.06657456 0.04617338 0.0053028 ]",0.13411201524889105
102,"[0.17459092 0.00856174 0.01114111 0.01544322 0.09296408 0.03122213
 0.01659651 0.02405607 0.00841809 0.13309342 0.1673521  0.0384121
 0.18491147 0.03544612 0.05779093]",0.05671042990401924
103,"[0.01778716 0.01138062 0.01942846 0.01732435 0.10744218 0.0280639
 0.11790048 0.04233489 0.03813938 0.15058458 0.13132477 0.09897378
 0.06737273 0.0765227  0.07542002]",0.11696178706949527
104,"[0.03892874 0.01709089 0.12772698 0.08392418 0.03757535 0.03024429
 0.02368496 0.01497842 0.10294426 0.02792558 0.00839483 0.1004878
 0.25962554 0.08005457 0.0464136 ]",0.20714607571337007
105,"[0.08642254 0.03131523 0.23752943 0.08967424 0.08840753 0.01571847
 0.09764627 0.04001518 0.05871842 0.04880557 0.00219396 0.04532081
 0.01841406 0.06349519 0.07632309]",0.006853791649627059
106,"[0.1444259  0.07588037 0.18795745 0.00134493 0.28217489 0.0343275
 0.02624328 0.0443276  0.0109404  0.03022169 0.02766924 0.03770858
 0.03113732 0.03753502 0.02810585]",0.06921809973250712
107,"[0.07553443 0.00102382 0.04694452 0.1002851  0.05927591 0.09687828
 0.00233787 0.01048274 0.00629517 0.00885884 0.11149099 0.08854291
 0.11098914 0.11915812 0.16190214]",0.009798931814351817
108,"[0.05380175 0.111778   0.07956121 0.03141945 0.00998323 0.1082234
 0.02120872 0.05109275 0.03032369 0.0450433  0.16477871 0.13891682
 0.0303216  0.04924908 0.07429831]",0.14975936601124065
109,"[0.02198925 0.06591072 0.04578361 0.0271191  0.02232534 0.02999094
 0.0306338  0.0703971  0.09754007 0.06213055 0.12519279 0.00077663
 0.09917213 0.05275728 0.2482807 ]",0.07265435045550972
110,"[0.06115443 0.03316191 0.14875201 0.19898939 0.03332032 0.08201677
 0.11600346 0.00089341 0.01272472 0.14479621 0.06545962 0.07012471
 0.01247658 0.01504968 0.00507679]",0.2197683376086724
111,"[0.04280446 0.01944255 0.06091016 0.02989409 0.02094858 0.06470378
 0.0117313  0.04865624 0.14611461 0.12153838 0.09745549 0.02219279
 0.12835093 0.10872812 0.07652854]",0.3146731586674059
112,"[0.007276   0.04093807 0.06923185 0.00901334 0.06328451 0.03821009
 0.1002033  0.067784   0.00213223 0.36926505 0.0365159  0.01830196
 0.14384751 0.01166656 0.02232961]",0.062109414756238164
113,"[0.06248998 0.00444307 0.0099579  0.07693775 0.0805871  0.0209661
 0.08264796 0.01547246 0.07345829 0.08390274 0.12138906 0.08758627
 0.21611911 0.02608716 0.03795504]",0.0319550494777073
114,"[0.0991759  0.06667704 0.01258609 0.06983818 0.20449462 0.0204779
 0.05093142 0.00209867 0.02822193 0.16457182 0.01621682 0.02006721
 0.08628903 0.14315094 0.01520242]",0.08658792038657387
115,"[0.02137664 0.03138968 0.11888302 0.01393383 0.02321095 0.00879141
 0.07932147 0.13122773 0.0681261  0.02774428 0.00658697 0.10123745
 0.09882893 0.16206705 0.10727448]",0.0808146185052126
116,"[0.13961975 0.02645406 0.03319431 0.09591989 0.05707555 0.20413046
 0.08871016 0.04496525 0.00888057 0.02984724 0.03270942 0.09169689
 0.06068286 0.00378775 0.08232582]",0.1521728900426562
117,"[0.0162244  0.01355495 0.00274061 0.13359107 0.1414958  0.10993461
 0.00486262 0.06042817 0.07946562 0.0222633  0.06914659 0.04365377
 0.18926498 0.01096181 0.1024117 ]",0.10958606942268698
118,"[0.06398788 0.08688078 0.00625968 0.26252167 0.01220172 0.02608226
 0.00856973 0.01403226 0.10619792 0.09632712 0.12617007 0.00423707
 0.06038873 0.09402362 0.03211948]",0.23987432867145378
119,"[0.05435896 0.01635179 0.17361798 0.00101713 0.01491338 0.08554593
 0.26547381 0.07199382 0.10693496 0.01396238 0.022697   0.05594802
 0.0858952  0.02876459 0.00252504]",0.09596992641530161
120,"[0.00100706 0.14289205 0.09999308 0.01166731 0.1556049  0.00279706
 0.03156315 0.13229918 0.02164598 0.1268655  0.05734397 0.02608337
 0.059772   0.03035694 0.10010846]",0.005669096111430401
121,"[0.04256458 0.0123414  0.04244683 0.06677622 0.20469169 0.04634775
 0.04065279 0.05948804 0.01704017 0.03648372 0.06616417 0.08126515
 0.23460892 0.02591528 0.02321329]",0.21852387891421338
122,"[0.01151769 0.16385755 0.18229354 0.02677311 0.08482855 0.0335768
 0.0698143  0.17061696 0.05296702 0.08156692 0.04793968 0.00235284
 0.01102931 0.05090497 0.00996076]",0.12339095403187289
123,"[0.08743792 0.01967226 0.00664957 0.00045116 0.03851883 0.08453245
 0.05689767 0.02493425 0.08555917 0.00044144 0.08969191 0.19555675
 0.00482378 0.16534174 0.13949111]",0.003945777342202332
124,"[0.00178551 0.10185187 0.02026465 0.05432215 0.08277019 0.0002019
 0.19040646 0.10338943 0.08863938 0.07424806 0.01678738 0.00391424
 0.05357977 0.19270438 0.01513462]",0.1708268685163745
125,"[0.0044249  0.05580661 0.06606025 0.1953176  0.05041563 0.0261136
 0.02595735 0.11133886 0.04484429 0.03011566 0.10072449 0.01811447
 0.02917362 0.05896381 0.18262886]",0.041940897116481884
126,"[0.01722928 0.05826659 0.01728031 0.12283531 0.00519506 0.02368904
 0.00313486 0.04961399 0.30064431 0.12856203 0.08352507 0.00291323
 0.10692564 0.06450937 0.01567592]",0.36652465300376275
127,"[0.00333293 0.00690931 0.00561216 0.06993401 0.06507419 0.04619145
 0.16023357 0.04100301 0.16916805 0.04196633 0.01705691 0.04049914
 0.18386824 0.01755923 0.13159146]",0.1627975101643065
128,"[0.0112562  0.11986434 0.07021644 0.16124279 0.10922125 0.11060963
 0.01114672 0.0604013  0.10430592 0.0342445  0.04068344 0.0613059
 0.03900612 0.00728969 0.05920577]",0.02555372870170531
129,"[0.07533478 0.00371498 0.07312796 0.03282136 0.07042896 0.07442878
 0.08185891 0.28237964 0.06991472 0.08562989 0.01530107 0.06757124
 0.01528883 0.02251735 0.02968154]",0.030578597139101635
130,"[1.24407787e-01 3.09058668e-02 1.51604003e-01 1.10176465e-01
 2.00659246e-02 3.10096530e-01 2.63059080e-02 1.30300536e-01
 3.09100593e-04 3.59591785e-03 2.62773688e-03 2.72076334e-02
 1.90321589e-02 1.03517090e-02 3.30127233e-02]",0.37108387284840455
131,"[0.06583115 0.04366735 0.04949429 0.11808004 0.05939372 0.0117974
 0.07919744 0.01429909 0.14849525 0.11222675 0.12981603 0.05777268
 0.02164009 0.07842632 0.00986242]",0.14027528326371
132,"[0.03527995 0.15618437 0.15129021 0.11579246 0.05018233 0.04460394
 0.04249715 0.11296376 0.07057456 0.07417631 0.064768   0.01094499
 0.01898514 0.03267188 0.01908494]",0.07281116471513407
133,"[0.03121444 0.00720595 0.02050917 0.15128364 0.01316192 0.04837947
 0.02337127 0.09316316 0.11174391 0.04565541 0.03994975 0.13984481
 0.06300372 0.00247357 0.2090398 ]",0.05055149215465534
134,"[0.11159251 0.00146585 0.03536477 0.01477242 0.09784779 0.02666206
 0.09635192 0.02886404 0.13800771 0.02889936 0.08718062 0.07377657
 0.10734934 0.06419486 0.08767019]",0.06206004033530118
135,"[0.0417255  0.03097451 0.02877716 0.01823208 0.20074493 0.05633374
 0.0037067  0.01225096 0.10310758 0.13196568 0.06436553 0.1161403
 0.16856934 0.02029927 0.00280671]",0.23198310144742273
136,"[0.02997285 0.17281401 0.0477004  0.19326853 0.00391029 0.02316004
 0.11121414 0.0006482  0.00752555 0.02918915 0.06891917 0.04622038
 0.16344636 0.10120921 0.00080173]",0.0726226825250191
137,"[0.07207923 0.03153591 0.20702959 0.05814281 0.01177266 0.00142176
 0.20837433 0.01450514 0.00943976 0.02814692 0.03757514 0.00070136
 0.25455125 0.03958494 0.02513918]",0.1727980462662194
138,"[0.03973113 0.08337445 0.01617913 0.04724275 0.09869234 0.10369869
 0.13759496 0.02430679 0.0558154  0.18010681 0.03627568 0.02966074
 0.01940134 0.10367758 0.0242422 ]",0.09776952467543384
139,"[0.0721735  0.05570617 0.13678629 0.05032229 0.15072572 0.14617968
 0.02400748 0.01140619 0.11688784 0.02442743 0.01844297 0.02316854
 0.04245092 0.07612919 0.0511858 ]",0.01583906050337414
140,"[0.00697147 0.01038803 0.04626118 0.19951499 0.01345425 0.07582756
 0.04783724 0.03598715 0.01122226 0.046346   0.10152496 0.03960068
 0.18697371 0.12753271 0.0505578 ]",0.2473859724372245
141,"[0.02928827 0.19532088 0.00186827 0.03985412 0.0429136  0.20252983
 0.01663291 0.07202471 0.06515483 0.04463526 0.02252659 0.00025889
 0.10659938 0.06635896 0.0940335 ]",0.06197026243765084
142,"[0.04069815 0.08719647 0.06312509 0.00758296 0.07668413 0.02963021
 0.09835549 0.02947767 0.02017989 0.15640987 0.10862163 0.08945187
 0.03847001 0.13779455 0.01632202]",0.21137293455771372
143,"[0.07092803 0.01143806 0.00165545 0.1609077  0.115742   0.00849822
 0.06820556 0.0027979  0.18681654 0.06094879 0.03716468 0.02097646
 0.09987432 0.13371825 0.02032803]",0.028769328806718827
144,"[0.02756662 0.08297497 0.0586622  0.10988989 0.02339505 0.08187075
 0.11319205 0.00404906 0.05386699 0.02880199 0.02516667 0.19667488
 0.06251048 0.00930201 0.12207639]",0.21741111961847695
145,"[0.00038537 0.23178077 0.03954519 0.11730054 0.06518262 0.05708457
 0.00328982 0.00716696 0.01404263 0.0108793  0.0279617  0.04170371
 0.02715617 0.06336248 0.29315818]",0.19124723459887302
146,"[0.0930911  0.07304733 0.15219698 0.0159206  0.10744067 0.06253632
 0.02321696 0.03594315 0.02184056 0.11804807 0.0888454  0.05727758
 0.02449406 0.07058674 0.05551449]",0.0577488512563088
147,"[0.10881461 0.01410358 0.1303374  0.00797493 0.16369183 0.01846732
 0.01472556 0.04411243 0.05674007 0.03307299 0.00603832 0.081321
 0.02317429 0.15958096 0.13784471]",0.010328878061533072
148,"[0.13547897 0.0192953  0.02327099 0.18440634 0.01151552 0.05655609
 0.01921626 0.05541306 0.03504206 0.0122003  0.18290889 0.07439042
 0.00491075 0.04491678 0.14047825]",0.025813823627333626
149,"[0.00470268 0.05838873 0.02231555 0.00553666 0.00193116 0.04471747
 0.05781489 0.1109214  0.00465153 0.07943194 0.06475501 0.18451256
 0.0919025  0.08347321 0.1849447 ]",0.11716689828250572
150,"[0.03514332 0.03791802 0.05064889 0.04643549 0.00975018 0.0323749
 0.133428   0.01703034 0.10609174 0.03732993 0.01052037 0.24839221
 0.14417508 0.06798435 0.02277718]",0.18046480743651475
151,"[2.63672462e-02 1.43764813e-01 1.14096916e-01 5.63680879e-02
 8.37217828e-02 9.67179916e-02 6.91318363e-03 1.11020941e-01
 3.81931001e-05 3.18145195e-02 1.33359119e-01 4.93225913e-02
 1.38252972e-01 7.64592132e-03 5.95721953e-04]",0.09189405760387966
152,"[0.00900722 0.01178395 0.02386534 0.0904197  0.09174986 0.30954675
 0.07551676 0.03132589 0.15583964 0.02720147 0.00668828 0.00729548
 0.07225287 0.01826304 0.06924375]",0.04928272092719462
153,"[0.02982612 0.14555365 0.00972507 0.0105974  0.10198483 0.05185264
 0.01715821 0.02862339 0.06378481 0.09310826 0.04008464 0.06052419
 0.19718677 0.0003355  0.1496545 ]",0.048961647690459714
154,"[0.10172599 0.15779708 0.11731508 0.0442042  0.11415816 0.0422305
 0.00621699 0.01036871 0.03992432 0.01894647 0.06136376 0.11464673
 0.07374124 0.05267471 0.04468606]",0.11386736303339463
155,"[0.11067626 0.08645893 0.02552337 0.12178933 0.1837512  0.01746831
 0.12806039 0.14183141 0.00215926 0.02952732 0.01505152 0.00121221
 0.08505307 0.03598057 0.01545683]",0.13856203225497138
156,"[0.10699915 0.03346923 0.01731739 0.01597615 0.04391163 0.06576811
 0.06440125 0.10568211 0.08305806 0.05812294 0.10411248 0.04425875
 0.05600255 0.16558942 0.03533078]",0.060659883661480285
157,"[0.06501089 0.2253119  0.00996942 0.0148247  0.00025624 0.01091768
 0.07573617 0.03064626 0.03459797 0.01586541 0.0939656  0.08347247
 0.2207311  0.03992624 0.07876794]",0.1934022801212091
158,"[0.07259864 0.05493917 0.12690799 0.01167253 0.0136067  0.18352932
 0.04821997 0.1974107  0.00539633 0.02455371 0.03988512 0.03053072
 0.03476126 0.13448528 0.02150254]",0.11326598759974757
159,"[0.02504486 0.00484195 0.01177108 0.10854343 0.04426167 0.04871062
 0.04639402 0.0428791  0.2669512  0.03019997 0.15359281 0.1195384
 0.02093721 0.04771536 0.02861831]",0.028898425596166875
160,"[0.08292429 0.09480546 0.0171703  0.06980041 0.08956138 0.06012926
 0.04892068 0.21112715 0.00775907 0.01437227 0.02071773 0.15369805
 0.03964931 0.08501174 0.0043529 ]",0.14075364266474222
161,"[0.07002036 0.00453792 0.03383084 0.08860835 0.1116218  0.03646003
 0.16447659 0.01733317 0.03429369 0.22517145 0.0517773  0.0725936
 0.01168206 0.00491935 0.07267348]",0.1520728402099312
162,"[0.01264468 0.04804736 0.01768678 0.17768518 0.01878359 0.17573185
 0.08769418 0.06229509 0.10319924 0.07421167 0.07751416 0.02175691
 0.00128754 0.00970133 0.11176045]",0.015541224578117437
163,"[0.09705086 0.02477947 0.01434514 0.03893786 0.0568615  0.11061962
 0.01072628 0.05950651 0.02667997 0.12249394 0.03593921 0.13189063
 0.12940832 0.04417495 0.09658573]",0.02574107142713441
164,"[0.35899903 0.01137495 0.04452221 0.00986836 0.04016437 0.01895355
 0.02617511 0.07648013 0.107438   0.05537796 0.05525479 0.06686558
 0.05256485 0.06756481 0.0083963 ]",0.08258235712960688
165,"[0.0339125  0.02147974 0.08799012 0.02770537 0.13920657 0.11138601
 0.0480367  0.01490938 0.17414959 0.05185733 0.04986956 0.00657976
 0.14038965 0.02141296 0.07111476]",0.14090484915653814
166,"[0.09187802 0.00917795 0.21202916 0.00762291 0.05391327 0.12267912
 0.01513935 0.15388957 0.0076529  0.00323625 0.02896417 0.06082562
 0.05340731 0.11793647 0.06164791]",0.12166187854250525
167,"[0.01870811 0.00398679 0.03839425 0.0578991  0.0812856  0.03168338
 0.04897707 0.08029702 0.12805508 0.03399281 0.09818688 0.07599304
 0.01438615 0.16104632 0.12710839]",0.14362510220377664
168,"[0.05970682 0.17271738 0.12819741 0.02932401 0.06408045 0.08956205
 0.05873372 0.11126121 0.03589084 0.13140415 0.01795908 0.04202209
 0.01506736 0.03647555 0.00759787]",0.022389518544422365
169,"[0.11167448 0.12952182 0.10163469 0.01496766 0.05711364 0.1653686
 0.07476648 0.10379207 0.01522614 0.03022191 0.08205328 0.06091435
 0.01424569 0.03221268 0.0062865 ]",0.01508578243867483
170,"[0.21050506 0.02412697 0.04062544 0.00334465 0.12206651 0.11495653
 0.03150449 0.0473633  0.07923382 0.02824066 0.16242844 0.05823355
 0.02933549 0.04480203 0.00323306]",0.08365440390120901
171,"[0.11516524 0.07860411 0.12253775 0.05573919 0.04695473 0.19832633
 0.00575597 0.01015228 0.01199727 0.0755337  0.02675905 0.10262791
 0.06961067 0.06406292 0.01617289]",0.046954690168909435
172,"[0.05055152 0.07402359 0.019839   0.04933605 0.05147694 0.03491575
 0.00125385 0.20200933 0.06392118 0.02153594 0.19624074 0.04219995
 0.00265324 0.10222125 0.08782166]",0.26531290279193
173,"[0.08481721 0.2041923  0.22615945 0.01369165 0.01183685 0.06573664
 0.01724011 0.01921969 0.02438886 0.12099803 0.08490141 0.01684437
 0.04227915 0.01859563 0.04909864]",0.0028315345316032928
174,"[0.12482037 0.08708316 0.10708076 0.14035349 0.04413167 0.03085936
 0.09469351 0.04563262 0.04562779 0.06992112 0.03369571 0.07626863
 0.02555346 0.01014273 0.06413562]",0.16447203776503536
175,"[0.00236324 0.04736383 0.04497066 0.2008592  0.01250381 0.02521548
 0.05921127 0.03717841 0.03686194 0.10909596 0.0526074  0.05398963
 0.02912104 0.18762705 0.10103107]",0.08480704548443391
176,"[0.02701395 0.10095844 0.04182379 0.03079503 0.02856398 0.01437444
 0.07646814 0.00128466 0.29257047 0.02633225 0.01213291 0.00804939
 0.02535449 0.17195668 0.1423214 ]",0.07983788900028145
177,"[0.02196541 0.06189189 0.09591106 0.10732834 0.08022211 0.06069288
 0.1252526  0.00847645 0.00968941 0.04512724 0.05226231 0.03512972
 0.00132866 0.19150176 0.10322016]",0.11960430719340394
178,"[0.0567356  0.36759402 0.00692637 0.0138295  0.19521998 0.03753283
 0.04868877 0.02065716 0.01911975 0.02869533 0.03858594 0.05753267
 0.02476139 0.06451791 0.01960279]",0.3678711483219335
179,"[0.0176233  0.01134473 0.01171967 0.01050771 0.18776486 0.08133615
 0.03273975 0.07205675 0.04727872 0.01138741 0.12821352 0.04342755
 0.16348073 0.06202058 0.11909857]",0.03243171531620408
180,"[0.06383808 0.03805706 0.14917579 0.07701083 0.02574577 0.0359859
 0.01328915 0.05386813 0.00469389 0.19305876 0.17405749 0.00198367
 0.03052247 0.00757828 0.13113474]",0.08098846828863669
181,"[0.04344922 0.04855918 0.30309369 0.01085274 0.02168836 0.01765258
 0.01166752 0.24305658 0.01464868 0.06789799 0.01013133 0.00071637
 0.08686094 0.10780534 0.01191948]",0.16713774650233185
182,"[0.07532231 0.00481359 0.11171288 0.10299985 0.14300237 0.02229169
 0.12590042 0.01302912 0.07000113 0.01209584 0.01909101 0.16003422
 0.01425911 0.09742573 0.02802073]",0.2111837015105721
183,"[0.07886346 0.017904   0.29099835 0.02362852 0.0240713  0.16948871
 0.00428242 0.00757305 0.10568819 0.00872592 0.06355335 0.01887932
 0.04112565 0.05100285 0.09421491]",0.176928730776061
184,"[0.02171453 0.00217389 0.11296837 0.15856741 0.02802311 0.11905493
 0.04123163 0.00562554 0.05333676 0.17101667 0.03733272 0.00296334
 0.0342844  0.00119381 0.21051287]",0.048495241057170485
185,"[0.04115455 0.03842444 0.05034843 0.01003646 0.01377677 0.08492589
 0.15953414 0.01287938 0.0030265  0.09473229 0.38322    0.01710102
 0.0185851  0.07004109 0.00221395]",0.13714409731876465
186,"[0.10576375 0.0476179  0.05025465 0.08553164 0.14811186 0.0280925
 0.00895691 0.01745651 0.04400652 0.00718523 0.07791572 0.0338887
 0.21285163 0.00421394 0.12815255]",0.23015464496866306
187,"[0.08692365 0.02673316 0.0926615  0.14751731 0.0345391  0.13626383
 0.08690759 0.00129541 0.07986028 0.00649442 0.02603879 0.03805355
 0.09576869 0.09029331 0.05064941]",0.08524549572794736
188,"[0.00141233 0.14275804 0.02891411 0.01030668 0.06248362 0.12076511
 0.01546122 0.14264215 0.01597545 0.006841   0.0897594  0.1650154
 0.05135738 0.11487328 0.03143484]",0.031049887596870808
189,"[0.03777759 0.23465309 0.02546031 0.12139437 0.0403644  0.08130662
 0.00732482 0.0766319  0.01702403 0.04627516 0.00685146 0.14791772
 0.02141527 0.10679719 0.02880607]",0.03692117082433583
190,"[0.10823196 0.08177111 0.05104602 0.07126129 0.07039816 0.03119303
 0.09750294 0.0229615  0.03301049 0.02237866 0.00048145 0.04470482
 0.15121112 0.11291755 0.10092992]",0.025783641629795538
191,"[0.06854438 0.00418288 0.09570787 0.29419514 0.10089322 0.00049831
 0.06990685 0.08288133 0.03134647 0.02142986 0.06124693 0.08388773
 0.00840704 0.06622193 0.01065005]",0.08596271714829176
192,"[0.04740754 0.00138673 0.0781646  0.03962396 0.00373712 0.05074545
 0.01787416 0.0225335  0.116965   0.01971017 0.21261769 0.00177945
 0.01770132 0.08380273 0.28595057]",0.14961225019057306
193,"[0.0082295  0.15266043 0.20737926 0.05479059 0.08255072 0.03254983
 0.04269453 0.01200796 0.01560805 0.09355321 0.12547747 0.01300582
 0.04286276 0.02470684 0.09192303]",0.03069305794753357
194,"[0.13994994 0.03467025 0.07459909 0.0246254  0.04410441 0.06909833
 0.11553871 0.00265593 0.02389909 0.07969263 0.10328614 0.00344659
 0.01607018 0.22712975 0.04123356]",0.08667215943406412
195,"[0.26146808 0.07634875 0.01806835 0.02394094 0.14871129 0.00810351
 0.04948813 0.02354059 0.03106976 0.03048712 0.02258508 0.14513112
 0.10109252 0.02460581 0.03535893]",0.05478232233170162
196,"[0.02089834 0.05447142 0.03420734 0.14213229 0.15975323 0.04284445
 0.03205493 0.21304892 0.01339025 0.01142969 0.03676218 0.05105333
 0.0088169  0.17714749 0.00198924]",0.05010666352988601
197,"[0.04423667 0.00488371 0.04887758 0.07733481 0.00561673 0.13485555
 0.04214407 0.21382958 0.01858027 0.00511443 0.02750093 0.25660526
 0.01230004 0.00025777 0.1078626 ]",0.1497611118407361
198,"[0.00783043 0.00307718 0.19155848 0.0062244  0.2893675  0.13159588
 0.01792189 0.00464572 0.06193713 0.12517182 0.03594404 0.0249544
 0.0050909  0.06320589 0.03147434]",0.06372646407704485
199,"[0.10497051 0.02393824 0.10002032 0.04139155 0.15833998 0.01003025
 0.00423363 0.18386778 0.14468298 0.04735166 0.0337265  0.00736806
 0.03042041 0.00098058 0.10867755]",0.016545541568238908
200,"[0.0050663  0.01195474 0.10184082 0.00354905 0.02475807 0.3821045
 0.128933   0.05024081 0.04104011 0.00574906 0.09036801 0.03114118
 0.0565918  0.02971328 0.03694928]",0.10537438627999557
201,"[0.0032546  0.05128898 0.01500705 0.14873071 0.14011896 0.14965336
 0.14463472 0.11846634 0.11168599 0.01399568 0.0285894  0.01784709
 0.02270054 0.01601575 0.01801082]",0.10240747130492063
202,"[0.02402626 0.07198713 0.08303091 0.02825589 0.05294524 0.00425762
 0.01947145 0.04526881 0.04757967 0.06454564 0.03258466 0.0998235
 0.19529651 0.17298607 0.05794062]",0.12138846743653149
203,"[0.15724763 0.13104983 0.06272698 0.01875924 0.03506794 0.03232
 0.12051222 0.09404917 0.00946381 0.00343343 0.03219582 0.02991186
 0.05587148 0.00854433 0.20884625]",0.1288133990929591
204,"[0.09488189 0.04523625 0.0147957  0.01799942 0.01672289 0.00457591
 0.13338475 0.06977228 0.01598402 0.10167574 0.21787224 0.21979072
 0.00774332 0.02011387 0.01945101]",0.12988872288928266
205,"[0.04945211 0.03765473 0.00829822 0.03431102 0.10592971 0.10232794
 0.04306399 0.11922313 0.03615127 0.03585005 0.04084044 0.0773204
 0.04108877 0.01008429 0.25840393]",0.22641284355179914
206,"[0.00092885 0.02775866 0.1684762  0.02987979 0.04901543 0.01581795
 0.08463278 0.04883444 0.11823771 0.08718986 0.00309469 0.12688006
 0.00556944 0.23260874 0.00107539]",0.20341599691858128
207,"[5.37838129e-02 2.05481468e-03 4.03070040e-02 5.75154827e-05
 1.53143018e-01 8.36379507e-02 9.36902908e-02 2.62334497e-01
 4.17255369e-02 3.79718226e-03 3.84426458e-02 5.83304854e-02
 1.82202477e-02 6.99866590e-02 8.04883396e-02]",0.07445919006343595
208,"[0.13310874 0.06364801 0.03499991 0.02756513 0.08247868 0.01153302
 0.08786067 0.11078099 0.13670783 0.19990872 0.01373096 0.0167876
 0.00040439 0.02366174 0.05682362]",0.15093898787236473
209,"[0.00935494 0.02928599 0.00305943 0.11546677 0.17730842 0.10901808
 0.03498108 0.006876   0.27602565 0.03777437 0.04418958 0.10091362
 0.01819838 0.02567884 0.01186886]",0.07864149083210996
210,"[0.00039123 0.29735952 0.02961653 0.12731571 0.05152622 0.16567182
 0.01390474 0.02016288 0.04375492 0.02671391 0.00361041 0.06942294
 0.08843537 0.05558347 0.00653033]",0.39629981828617916
211,"[0.12322786 0.01569174 0.23549727 0.05342381 0.00055148 0.00453047
 0.0835429  0.23068604 0.00435739 0.00405991 0.01034042 0.06290084
 0.04954119 0.04389821 0.07775046]",0.05868497797306701
212,"[0.05854494 0.02149069 0.0478142  0.22751183 0.01063261 0.02426259
 0.01436043 0.07303389 0.08277148 0.10281091 0.02377937 0.10471623
 0.19089644 0.00480847 0.01256591]",0.12179229613184005
213,"[0.1407832  0.0323766  0.03779649 0.01567618 0.07360197 0.19323691
 0.07098142 0.05393642 0.09805451 0.04463563 0.01197386 0.01427698
 0.03479558 0.13144733 0.04642693]",0.3321513925870108
214,"[0.00786033 0.00853664 0.03072089 0.11129072 0.12230564 0.08782772
 0.13139897 0.02296086 0.05832864 0.01272401 0.09095414 0.06192621
 0.05946545 0.05146328 0.14223649]",0.11713583967922345
215,"[0.01705495 0.13573248 0.04658086 0.0296001  0.01262905 0.1418641
 0.0793222  0.02524628 0.04129359 0.20547499 0.04151421 0.03749098
 0.08637611 0.07024636 0.02957374]",0.07356916017617712
216,"[0.03214306 0.00690248 0.08820033 0.05805279 0.08097607 0.22317779
 0.0214791  0.05521734 0.05097265 0.06452086 0.11914769 0.00201837
 0.00813646 0.16645853 0.02259648]",0.0019034695526061265
217,"[0.06760187 0.01129484 0.05652126 0.05062444 0.03914943 0.04014074
 0.337302   0.00210898 0.04047378 0.00404541 0.12968031 0.15651344
 0.00966008 0.04998418 0.00489923]",0.09691612716326525
218,"[0.02226413 0.11859977 0.10623358 0.07134857 0.05028407 0.09793727
 0.05748231 0.07477368 0.08303754 0.06794886 0.11419386 0.02885484
 0.04244132 0.02591422 0.03868598]",0.11942223079929698
219,"[0.09766014 0.0139582  0.0393098  0.27400387 0.02087457 0.05251807
 0.06964719 0.00201965 0.16884972 0.00455145 0.1138977  0.09172886
 0.0030644  0.03476454 0.01315185]",0.08072395830460896
220,"[0.11509457 0.02182224 0.01237286 0.01324489 0.08351278 0.11777553
 0.00203255 0.00917244 0.04939779 0.01305369 0.07801473 0.07498765
 0.10408372 0.16866554 0.13676902]",0.3304616079334817
221,"[0.12211813 0.0110414  0.06315315 0.02074997 0.21802126 0.01529989
 0.08239448 0.01074595 0.20400256 0.01739273 0.00549327 0.02270452
 0.10963408 0.01619544 0.08105319]",0.06086189019959961
222,"[0.05804111 0.24124395 0.05084391 0.05890329 0.11894605 0.05677186
 0.15309176 0.03426813 0.00782203 0.01013404 0.12401968 0.03141159
 0.00299778 0.04669066 0.00481416]",0.09149765896240879
223,"[0.03078581 0.15829157 0.09245338 0.04975009 0.04597394 0.11977481
 0.04197916 0.03252051 0.02342383 0.00253714 0.10573325 0.02869928
 0.08630886 0.13256614 0.04920223]",0.06217585909558652
224,"[0.13239321 0.12150826 0.01111933 0.10959629 0.09853393 0.02053625
 0.0727207  0.0725956  0.0125204  0.00835519 0.173581   0.01244489
 0.05411987 0.05789487 0.04208021]",0.0008848610588285303
225,"[0.05675071 0.08632845 0.08730678 0.08788772 0.03483713 0.05990361
 0.03283067 0.01371628 0.05270013 0.07762025 0.02555774 0.22805208
 0.03743102 0.10958564 0.00949177]",0.12249913667634253
226,"[0.13630782 0.04346764 0.11863854 0.12415925 0.01238841 0.00136548
 0.03182615 0.00524944 0.06955347 0.02865023 0.11182286 0.1456881
 0.08173834 0.04671701 0.04242726]",0.1989116359655416
227,"[0.09510969 0.052617   0.0011231  0.06589709 0.03590009 0.00272928
 0.11388219 0.06415065 0.12858253 0.14621402 0.00135493 0.09481348
 0.11538273 0.04116427 0.04107894]",0.04443147115091826
228,"[0.12386808 0.04184834 0.05640239 0.00669362 0.03256634 0.04016848
 0.05100843 0.09679025 0.12703823 0.02622623 0.01415827 0.0359186
 0.06420263 0.00602346 0.27708664]",0.053482131892884505
229,"[0.05107728 0.20950676 0.01461294 0.18227115 0.07168209 0.11704902
 0.02345752 0.08911908 0.03889132 0.0106937  0.06432942 0.00060001
 0.03298983 0.08358431 0.01013559]",0.13184947399068656
230,"[0.08534084 0.0780483  0.02345506 0.13385002 0.01750076 0.02057968
 0.04787186 0.05956444 0.14474144 0.11802865 0.00209222 0.11097566
 0.060408   0.00641725 0.09112581]",0.039227867977470264
231,"[3.55673637e-02 1.11330486e-01 6.73131357e-07 2.40965496e-01
 2.92347031e-02 1.27012116e-03 1.03548524e-02 3.01967859e-01
 9.27469253e-02 1.89367858e-02 3.25270039e-02 3.35116406e-02
 7.17749317e-03 3.53212915e-03 8.08764676e-02]",0.1277607849737734
232,"[0.13348495 0.00592743 0.09981698 0.00553157 0.01996052 0.23724346
 0.01350527 0.21713398 0.01115768 0.05372734 0.04365903 0.0069238
 0.0078022  0.06012751 0.08399829]",0.2057558024350141
233,"[0.04451777 0.03642415 0.06619888 0.11979617 0.01686172 0.01043718
 0.02198076 0.10483296 0.08577438 0.02862697 0.00479016 0.12129624
 0.26165452 0.0340093  0.04279883]",0.16660384261792635
234,"[0.0056212  0.17216405 0.02871844 0.00120427 0.17669585 0.02420605
 0.04570549 0.0919648  0.00303056 0.08421133 0.01758875 0.05434931
 0.17936176 0.06548522 0.04969292]",0.1676449474448597
235,"[0.00610679 0.03405638 0.01433237 0.15715797 0.15268104 0.1554039
 0.15175641 0.00696558 0.00023952 0.06558852 0.0335352  0.16361485
 0.03733534 0.00813144 0.01309466]",0.34691762767350665
236,"[0.01420325 0.00885746 0.03096548 0.18591857 0.01877385 0.03176132
 0.08647006 0.0102054  0.10591062 0.15264935 0.00430875 0.00363114
 0.03739302 0.29538775 0.01356396]",0.09746395819118528
237,"[0.01084743 0.0069713  0.00589848 0.07303641 0.18931721 0.02387309
 0.00420997 0.07680483 0.07468841 0.03884822 0.35670844 0.0117286
 0.02836479 0.00548399 0.09321882]",0.34741580932674954
238,"[0.02002053 0.19554164 0.16726406 0.04594483 0.02232701 0.02406241
 0.01691566 0.11670894 0.02121736 0.0771538  0.02237414 0.13202176
 0.05963428 0.02680052 0.05201306]",0.07113836752401004
239,"[0.01911598 0.05594878 0.04822578 0.06989072 0.0932474  0.03691442
 0.20667767 0.0133874  0.13367977 0.03733826 0.07008413 0.05100741
 0.06516924 0.09065942 0.00865365]",0.019344479967167896
240,"[0.10914001 0.10291504 0.1098111  0.05210208 0.0267023  0.11215048
 0.01382607 0.00100591 0.0934822  0.0496562  0.04237483 0.22146514
 0.00584402 0.0197943  0.0397303 ]",0.15799814388803227
241,"[0.06274971 0.02758015 0.07492732 0.0197658  0.08660571 0.02754618
 0.01738506 0.03256465 0.01076407 0.09502583 0.04450084 0.13667064
 0.28840352 0.01969164 0.05581889]",0.21242218038153088
242,"[0.00632989 0.09968681 0.0646072  0.11789124 0.14301561 0.04087122
 0.10196059 0.01759996 0.01868094 0.0173088  0.10108228 0.02744895
 0.01293977 0.00277758 0.22779915]",0.12222904394734821
243,"[1.08387795e-01 8.74927527e-03 2.02748174e-02 7.54213301e-02
 8.68061806e-03 8.13540988e-02 1.15958207e-01 1.23674622e-02
 1.87654260e-01 2.10971456e-02 1.84392562e-04 9.72049362e-02
 1.50495301e-01 8.82983253e-02 2.38720351e-02]",0.14592401749653683
244,"[9.08056033e-02 1.43353888e-02 1.68670191e-01 4.79539078e-05
 5.14349400e-02 1.72664714e-01 2.69467166e-02 3.94117204e-02
 1.39004031e-01 4.20341087e-02 5.26838609e-03 1.15612042e-01
 4.96014325e-02 3.38324007e-02 5.03303709e-02]",0.027803886043370387
245,"[0.01039506 0.14497671 0.17599374 0.0200032  0.01530322 0.08152545
 0.01273035 0.01943755 0.03642189 0.12451513 0.10634586 0.13697283
 0.05351768 0.02942736 0.03243398]",0.03529713096562793
246,"[0.015153   0.20336959 0.05374018 0.05713785 0.01412687 0.0145779
 0.20520524 0.00260361 0.0692693  0.03690499 0.02564328 0.01821841
 0.10422101 0.16553777 0.01429101]",0.26095957765251726
247,"[0.00313846 0.03627979 0.06045046 0.06258276 0.18689691 0.02264642
 0.02598702 0.03303919 0.12485931 0.04354779 0.14610733 0.05534876
 0.08469912 0.01158284 0.10283383]",0.0674982979430649
248,"[0.04393555 0.12010312 0.00739563 0.04969785 0.0879736  0.0217594
 0.0644168  0.36392228 0.04910534 0.03573281 0.00273194 0.03522294
 0.00231037 0.02002345 0.09566892]",0.20275013939610254
249,"[0.04888385 0.00305909 0.05407361 0.01855903 0.20787521 0.15449241
 0.06412476 0.03916195 0.00168969 0.03178995 0.28455884 0.02281512
 0.01473003 0.02442625 0.02976022]",0.04020647104136367
250,"[0.14329454 0.16156193 0.01627663 0.01454777 0.16789342 0.00291166
 0.06882215 0.13465982 0.0136606  0.0133677  0.02007406 0.00564248
 0.08760197 0.14797878 0.00170649]",0.12347954600494537
251,"[0.02113226 0.08684205 0.00879365 0.01488849 0.10029988 0.12597425
 0.32480255 0.00559461 0.01853422 0.08573039 0.10591887 0.00533571
 0.04026123 0.01414638 0.04174546]",0.05296120207225297
252,"[0.04828383 0.04260856 0.05504264 0.08076937 0.07401446 0.11843392
 0.01418542 0.13280896 0.191183   0.01553927 0.01170601 0.12737903
 0.03357319 0.00682722 0.04764511]",0.05880250450474159
253,"[0.03065253 0.00660619 0.02141921 0.0018667  0.09309897 0.00437211
 0.06915572 0.02848233 0.08332912 0.0033899  0.21351889 0.0677681
 0.10082504 0.01366562 0.26184957]",0.06297636442293972
254,"[0.0652932  0.06051368 0.15873236 0.02763808 0.00750008 0.05312095
 0.03177314 0.00741605 0.02024288 0.07401156 0.23823232 0.00825552
 0.04161145 0.13843548 0.06722324]",0.3677180830468867
255,"[0.00415442 0.01608896 0.08090446 0.07260631 0.05303306 0.10079917
 0.0306911  0.07434621 0.17655232 0.07340809 0.07844517 0.13901307
 0.01931223 0.00568322 0.0749622 ]",0.007332936391115408
256,"[0.00551154 0.26244466 0.00372926 0.11050087 0.07243713 0.00636009
 0.02976875 0.02034885 0.17044655 0.02573805 0.07923982 0.05223569
 0.12113889 0.02757727 0.01252257]",0.21029770145025795
257,"[0.11055719 0.02034264 0.1483155  0.03008053 0.0239516  0.01677008
 0.01990302 0.19274831 0.07116949 0.10329579 0.05879673 0.07385611
 0.0768888  0.04369587 0.00962836]",0.03616154188893514
258,"[0.04193233 0.03415274 0.00720995 0.12960406 0.09706869 0.08654829
 0.14044875 0.06180787 0.04064662 0.06252    0.07033135 0.02483728
 0.18962332 0.00931039 0.00395837]",0.03250816618745857
259,"[0.2449628  0.03018092 0.01844882 0.01033963 0.15949502 0.03414157
 0.00247782 0.02901768 0.03508287 0.12026049 0.07533849 0.05398872
 0.1446996  0.03388072 0.00768485]",0.005417115381577382
260,"[0.00561864 0.10818921 0.04119523 0.15996965 0.02351026 0.14285516
 0.00786631 0.00634258 0.05592086 0.21320178 0.1351763  0.02631821
 0.01486413 0.0081066  0.05086508]",0.08436402833350369
261,"[0.06816659 0.01459321 0.20968943 0.0233725  0.02345327 0.04053691
 0.13701808 0.05070493 0.01627443 0.00187377 0.07864824 0.17846121
 0.01532882 0.04770399 0.09417461]",0.1472295150749505
262,"[0.07928274 0.01586674 0.13931327 0.13125332 0.0496312  0.03903438
 0.07048329 0.15088794 0.00095696 0.06394121 0.01673103 0.18389515
 0.01461487 0.00281516 0.04129272]",0.06855036269491241
263,"[0.0656517  0.01259398 0.09198776 0.12672354 0.16600502 0.21653309
 0.05245046 0.02261359 0.08419809 0.06038383 0.05398463 0.02419316
 0.00222821 0.01740607 0.00304686]",0.2419950226545892
264,"[0.00552319 0.11445219 0.0013541  0.00407474 0.101003   0.07369778
 0.11591563 0.07119063 0.17707703 0.12784536 0.08130702 0.00067535
 0.00806943 0.10153389 0.01628066]",0.11551280833669555
265,"[0.09690693 0.00694989 0.05585767 0.02368115 0.22357392 0.09889082
 0.10766321 0.00470882 0.11686708 0.03982481 0.01340084 0.02034187
 0.09868114 0.04906825 0.0435836 ]",0.1904144185922525
266,"[0.0183794  0.01033948 0.02661348 0.06901517 0.0422216  0.00633345
 0.05576034 0.08147608 0.08129342 0.02224996 0.10867278 0.06505478
 0.27646487 0.03268244 0.10344274]",0.09853581067925202
267,"[0.08122208 0.02099916 0.0650898  0.08931972 0.03427166 0.03218098
 0.01635579 0.03451157 0.13881253 0.00471326 0.0109398  0.13713459
 0.13090678 0.13521923 0.06832305]",0.036909852174431365
268,"[0.16464934 0.07869846 0.10822367 0.04230859 0.0308246  0.15293338
 0.02241053 0.08232927 0.10593804 0.01359    0.03748949 0.00199159
 0.11475568 0.01889734 0.02496   ]",0.11152322371250328
269,"[0.00027763 0.04253108 0.18476756 0.02085916 0.04994236 0.17550732
 0.03149401 0.05036724 0.06618829 0.07111309 0.03863309 0.00115417
 0.07999028 0.01088363 0.1762911 ]",0.03076010217020923
270,"[8.90111079e-03 8.34158840e-02 1.02326993e-01 3.35380227e-01
 1.42274316e-01 2.01892812e-02 4.85589017e-02 4.88154600e-02
 9.34326414e-03 2.51126294e-02 2.40103656e-02 1.45854387e-04
 1.63959470e-02 1.06225907e-02 1.24507176e-01]",0.05375362929988487
271,"[0.10079086 0.01380293 0.00538402 0.10268445 0.2974062  0.01813568
 0.10448567 0.06565557 0.02622256 0.08956513 0.03651477 0.000815
 0.01983057 0.02481507 0.09389154]",0.32522531695484
272,"[0.04632491 0.03908166 0.12015217 0.06147361 0.06166904 0.03706373
 0.02800543 0.0025149  0.04234899 0.02923195 0.17516601 0.02969092
 0.10011167 0.1749227  0.05224232]",0.020701691628244014
273,"[0.04044128 0.04991581 0.00852656 0.02076183 0.02712564 0.13942886
 0.21155132 0.0707839  0.03109512 0.1422727  0.02789774 0.01842533
 0.11060021 0.01186514 0.08930858]",0.06986850811737617
274,"[0.05511721 0.13085092 0.02518795 0.01382486 0.01464702 0.14394218
 0.06556911 0.19281117 0.07503436 0.00463551 0.02202436 0.05470389
 0.09285341 0.04005515 0.0687429 ]",0.07066230047017884
275,"[0.08555794 0.03801201 0.10127819 0.04258577 0.04981308 0.04358855
 0.00694165 0.01782264 0.03057121 0.17545311 0.00667964 0.19111358
 0.12208516 0.07780228 0.0106952 ]",0.09827776029793331
276,"[0.02188335 0.06217063 0.10619616 0.01916935 0.00508301 0.07300559
 0.01636142 0.01128975 0.07127479 0.16872974 0.02743993 0.15020001
 0.01699877 0.02854391 0.2216536 ]",0.2391416712438235
277,"[0.0438996  0.30667818 0.03902948 0.03263307 0.16100312 0.06595354
 0.08227322 0.00972123 0.03276427 0.05445486 0.0762126  0.0022239
 0.03609691 0.04583038 0.01122564]",0.06128945450001219
278,"[0.07261319 0.11317713 0.01288797 0.03314883 0.02180241 0.0152359
 0.12348907 0.1046311  0.05679117 0.27975906 0.01679564 0.02939319
 0.03592859 0.06001154 0.02433523]",0.06004263503081528
279,"[0.08025307 0.01455436 0.00562451 0.03932234 0.02829428 0.0404567
 0.03697945 0.02797523 0.12378705 0.00490092 0.00610027 0.0138011
 0.10667171 0.36286434 0.10841466]",0.04917823533200848
280,"[0.12008356 0.06518835 0.01730376 0.1686705  0.0408429  0.04869207
 0.12030478 0.08321811 0.07162093 0.16014485 0.04378885 0.03701911
 0.01038835 0.01130139 0.0014325 ]",0.04918869657759176
281,"[0.1233702  0.02392705 0.00678756 0.01706111 0.1766628  0.04228038
 0.09305544 0.00067302 0.04928325 0.30809165 0.00865354 0.00816307
 0.01560557 0.00126329 0.12512208]",0.19862526118080429
282,"[0.04695059 0.07265062 0.10015792 0.06259908 0.06021779 0.3302572
 0.1175895  0.00899659 0.00879105 0.01659102 0.03359001 0.04643897
 0.00093144 0.08691893 0.00731929]",0.09201176263912365
283,"[0.10265591 0.01297901 0.01904957 0.09518949 0.0012129  0.13369038
 0.0875228  0.13643028 0.09718126 0.09758067 0.11118175 0.08173851
 0.00367915 0.00589338 0.01401495]",0.09422729113844867
284,"[5.82710352e-02 1.68908490e-01 2.23074677e-02 1.21564801e-03
 8.89347894e-02 5.86260153e-02 2.45837484e-02 3.00609605e-02
 1.59552219e-01 6.90636153e-02 6.64504733e-02 2.14057222e-01
 2.51806913e-02 1.26913823e-02 9.62428037e-05]",0.49479421977813887
285,"[0.04429783 0.03521378 0.21235191 0.00611619 0.02938524 0.0121689
 0.01502853 0.03300283 0.02400184 0.03208774 0.06799702 0.21506023
 0.03875987 0.19103101 0.0434971 ]",0.4005677446637235
286,"[7.64374114e-02 2.41520147e-02 5.00940356e-02 4.69088449e-02
 2.18280786e-04 6.23737840e-02 9.27278703e-03 9.60063002e-02
 2.39247556e-02 1.36830553e-01 4.86910659e-02 8.94374437e-02
 2.76366676e-01 2.74740748e-02 3.18119724e-02]",0.2682334605600889
287,"[0.03840493 0.01733537 0.27842531 0.07272239 0.06034267 0.01753397
 0.02120267 0.0050104  0.02310422 0.05652399 0.00443193 0.03917893
 0.11449213 0.24747084 0.00382022]",0.09013535331129474
288,"[0.13762441 0.01767904 0.04557504 0.02049813 0.04556747 0.02735333
 0.11343347 0.00320732 0.08484127 0.06717238 0.03136058 0.06325663
 0.06338763 0.21789375 0.06114954]",0.017461987111100974
289,"[0.03258438 0.02095256 0.21517746 0.0037847  0.01493537 0.01812278
 0.05683347 0.1445602  0.10853266 0.04665034 0.01621392 0.10376659
 0.13821907 0.04344307 0.03622341]",0.22030423248619288
290,"[0.03852096 0.06552395 0.01198312 0.01288464 0.04694261 0.19827417
 0.0037082  0.09226748 0.02726256 0.11543215 0.06491309 0.09017261
 0.09282508 0.12360734 0.01568203]",0.06485342273372818
291,"[0.00765722 0.23380922 0.08537854 0.09894768 0.00240974 0.05232232
 0.21793908 0.02065622 0.10271967 0.06059205 0.0060621  0.00119595
 0.01390638 0.0088048  0.08759904]",0.16585470800349336
292,"[0.02502017 0.01593158 0.00419321 0.12158828 0.12769991 0.08337277
 0.12515984 0.01153513 0.02934112 0.18424283 0.03126945 0.10221347
 0.01502699 0.03705773 0.08634752]",0.1329907916212331
293,"[0.12893213 0.00068323 0.0187832  0.00113403 0.05208108 0.02376206
 0.06032294 0.06351423 0.07090909 0.00592505 0.13326876 0.08086836
 0.19155177 0.02870303 0.13956104]",0.051549466978564905
294,"[0.18013406 0.01333429 0.0315744  0.12273301 0.00300169 0.0868456
 0.01624    0.21676689 0.03822514 0.01134308 0.15545349 0.00181497
 0.00694105 0.10977447 0.00581786]",0.013846368278497593
295,"[0.01649874 0.07011185 0.04570816 0.05171512 0.06112147 0.11885919
 0.06685122 0.04730418 0.03054865 0.22171518 0.03622205 0.08664953
 0.12379315 0.01756728 0.00533422]",0.0061102068508322805
296,"[0.09219097 0.10187137 0.02520107 0.00359353 0.07915579 0.02845631
 0.04791355 0.05555039 0.01617721 0.01630822 0.11725158 0.00168792
 0.04483087 0.10846296 0.26134826]",0.047002195755442906
297,"[0.00930929 0.01227745 0.01088951 0.1309699  0.00572393 0.0616443
 0.01994542 0.1943206  0.00791293 0.0340356  0.07214936 0.04064608
 0.16823804 0.01204281 0.21989479]",0.6408595998246815
298,"[5.26287854e-02 8.91322260e-02 1.10443627e-01 3.34278801e-03
 1.39958678e-01 1.18896829e-05 1.85542248e-01 1.48578610e-01
 2.16391630e-02 9.91852352e-02 5.18430370e-03 3.08038210e-02
 5.14002958e-02 4.36263315e-02 1.85219975e-02]",0.08553146844746258
299,"[0.11965538 0.07106443 0.02511683 0.001378   0.01451163 0.08231604
 0.0139051  0.31110191 0.00058    0.02919062 0.04499764 0.0431626
 0.02018225 0.0535754  0.16926215]",0.13863429860656457
